Timestamp,NIM,Nama Lengkap,Kelas,1. Harga yang ditetapkan berdasarkan biaya ditambah margin disebut,2. Soal nomor dua,3. Soal nomor tiga,4. Soal nomor empat,5. Soal nomor lima,6. Soal nomor enam,7. Soal nomor tujuh,8. Soal nomor delapan,9. Permintaan yang sangat peka terhadap harga disebut,10. Strategi harga awal rendah untuk merebut pasar disebut
2026/09/28 08:01,2023010001,Adi Pratama,A,A. Cost-plus pricing,C,B,D,A,E,B,C,elastis,harga penetrasi
2026/09/28 08:03,2023010002,Bunga Lestari,A,A. Cost-plus pricing,C,B,D,A,E,A,C,Elastis,Penetration Pricing
2026/09/28 08:04,2023010003,Cahya Nugraha,A,B. Value-based pricing,C,A,D,,E,B,D,inelastis,harga skimming
2026/09/28 08:05,2023010004,Dewi Anggraini,A,A. Cost-plus pricing,C,B,A,A,E,B,C,elastis,harga penetrasi
2026/09/28 08:06,2023010005,Eko Saputra,A,A. Cost-plus pricing,B,B,D,C,E,B,A,elastis,
2026/09/28 08:07,2023010006,Fitri Rahmawati,A,A. Cost-plus pricing,C,B,D,A,E,B,C,elastis,harga penetrasi
2026/09/28 08:09,2023010008,Hana Salsabila,A,A. Cost-plus pricing,C,D,D,A,E,B,C,elastis,harga penetrasi
2026/09/28 08:10,2023010009,Irfan Maulana,A,C. Competition-based pricing,C,B,D,A,B,B,C,elastis,harga psikologis
2026/09/28 08:12,2023010010,Jihan Putri,A,A. Cost-plus pricing,C,B,D,A,E,C,C,elastis,harga penetrasi
