nim,nama,kelas,p1,p2,p3,p4,p5,p6,p7,p8,p9,p10,p11,p12,p13,p14,tugas1,tugas2,tugas3,tugas4,uts,uas
2023010001,Adi Pratama,A,H,H,H,H,H,H,H,H,H,H,H,H,H,H,85,88,90,82,80,86
2023010002,Bunga Lestari,A,H,H,H,I,H,H,H,H,H,H,H,H,H,H,90,92,88,95,87,91
2023010003,Cahya Nugraha,A,H,A,H,H,A,H,H,A,H,H,A,H,A,H,70,65,0,72,60,58
2023010004,Dewi Anggraini,A,H,H,H,H,H,S,S,H,H,H,H,H,H,H,78,80,82,79,75,77
2023010005,Eko Saputra,A,H,H,A,H,H,H,H,H,A,H,H,H,H,H,65,70,68,60,55,62
2023010006,Fitri Rahmawati,A,H,H,H,H,H,H,H,H,H,H,H,H,H,H,95,93,96,94,92,94
2023010007,Galih Permana,A,A,A,H,A,H,A,A,H,A,H,A,H,A,A,50,0,45,0,40,35
2023010008,Hana Salsabila,A,H,H,H,H,I,H,H,H,H,H,H,H,H,H,88,85,87,90,84,89
2023010009,Irfan Maulana,A,H,H,H,H,H,H,H,H,H,H,A,H,H,H,75,72,70,78,68,71
2023010010,Jihan Putri,A,H,H,H,H,H,H,H,H,H,H,H,H,H,H,82,84,80,86,79,83
2023010011,Kevin Wijaya,B,H,H,H,H,H,H,H,H,H,H,H,H,H,H,80,78,83,81,76,80
2023010012,Laras Ayuningtyas,B,H,H,S,H,H,H,H,H,H,H,H,H,H,H,86,90,89,88,85,87
2023010013,Muhammad Rizki,B,H,A,H,H,H,A,H,H,A,H,H,H,H,H,60,62,58,65,57,54
2023010014,Nadia Kusuma,B,H,H,H,H,H,H,H,H,H,H,H,H,H,H,92,94,90,93,90,92
2023010015,Oki Setiawan,B,A,H,A,H,A,H,H,A,H,A,H,H,A,H,55,60,50,0,48,45
2023010016,Putri Maharani,B,H,H,H,H,H,H,I,H,H,H,H,H,H,H,84,86,82,85,81,84
2023010017,Rendi Firmansyah,B,H,H,H,H,H,H,H,H,H,H,H,A,H,H,72,75,70,74,66,69
2023010018,Siti Nurhaliza,B,H,H,H,H,H,H,H,H,H,H,H,H,H,H,89,91,93,90,88,90
2023010019,Taufik Hidayat,B,H,H,H,A,H,H,H,H,H,A,H,H,H,H,68,70,72,66,62,64
2023010020,Umi Kalsum,B,H,H,H,H,H,H,H,H,H,H,H,H,S,H,81,83,85,80,78,82
